plot;id;time;status;status_corr;status_altern;col1;col2
1;a;1997;1;1;1;1;2
1;a;1999;1;1;1;1;2
1;a;2001;1;1;1;1;2
1;a;2003;1;1;1;1;2
1;a;2005;1;1;1;1;2
1;a;2007;1;1;1;1;2
1;a;2009;1;1;1;1;2
1;a;2011;1;1;1;1;2
1;a;2013;1;1;1;1;2
1;b;1997;1;1;1;1;2
1;b;1999;1;1;1;1;2
1;b;2001;1;1;1;1;2
1;b;2003;1;1;1;1;2
1;b;2005;1;1;1;1;2
1;b;2007;1;1;1;1;2
1;b;2009;0;0;0;1;2
1;c;1997;1;1;1;1;2
1;c;1999;0;1;1;1;2
1;c;2001;0;1;1;1;2
1;c;2003;0;1;1;1;2
1;c;2005;0;1;1;1;2
1;c;2007;0;1;1;1;2
1;c;2009;0;1;1;1;2
1;c;2011;0;1;1;1;2
1;c;2013;1;1;1;1;2
1;d;1997;1;1;1;1;2
1;d;1999;NA;1;1;NA;NA
1;d;2001;NA;1;1;NA;NA
1;d;2003;NA;1;1;NA;NA
1;d;2005;NA;1;1;NA;NA
1;d;2007;NA;1;1;NA;NA
1;d;2009;NA;1;1;NA;NA
1;d;2011;NA;1;1;NA;NA
1;d;2013;1;1;1;1;2
1;e;1997;1;1;1;1;2
1;e;1999;NA;1;1;NA;NA
1;e;2001;0;1;1;1;2
1;e;2003;1;1;1;1;2
1;e;2005;NA;1;1;NA;NA
1;e;2007;0;1;1;1;2
1;e;2009;1;1;1;1;2
1;e;2011;NA;1;1;NA;NA
1;e;2013;1;1;1;1;2
1;f;1997;NA;NA;NA;NA;NA
1;f;1999;NA;NA;NA;NA;NA
1;f;2001;1;1;1;1;2
1;f;2003;0;1;1;1;2
1;f;2005;1;1;1;1;2
1;f;2007;NA;0;0;1;2
1;f;2009;NA;NA;NA;NA;NA
1;f;2011;NA;NA;NA;NA;NA
1;f;2013;NA;NA;NA;NA;NA
1;g;1997;1;1;1;1;2
1;g;1999;NA;1;1;1;2
1;g;2001;0;1;1;1;2
1;g;2003;NA;1;1;1;2
1;g;2005;NA;1;1;1;2
1;g;2007;1;1;1;1;2
1;g;2009;NA;0;0;NA;NA
1;g;2011;NA;NA;NA;NA;NA
1;g;2013;0;NA;NA;NA;NA
1;h;1997;1;1;1;1;2
1;h;1999;1;1;1;1;2
1;h;2001;1;1;1;1;2
1;h;2003;1;1;1;1;2
1;h;2005;1;1;1;1;2
1;h;2007;1;1;1;1;2
1;h;2009;1;1;1;1;2
1;h;2011;NA;0;NA;1;2
1;h;2013;NA;NA;NA;1;2
1;i;1997;1;1;1;1;2
1;i;1999;1;1;1;1;2
1;i;2001;NA;1;1;NA;NA
1;i;2003;1;1;1;1;2
1;i;2005;1;1;1;1;2
1;i;2007;1;1;1;1;2
1;i;2009;1;1;1;1;2
1;i;2011;1;1;1;1;2
1;i;2013;NA;NA;NA;NA;NA
2;j;2000;1;1;1;1;2
2;j;2001;1;1;1;1;2
2;j;2002;1;1;1;1;2
2;j;2003;1;1;1;1;2
2;j;2004;1;1;1;1;2
2;j;2005;1;1;1;1;2
2;j;2006;1;1;1;1;2
2;j;2007;1;1;1;1;2
2;j;2008;1;1;1;1;2
2;k;2000;1;1;1;1;2
2;k;2001;1;1;1;1;2
2;k;2002;1;1;1;1;2
2;k;2003;1;1;1;1;2
2;k;2004;1;1;1;1;2
2;k;2005;1;1;1;1;2
2;k;2006;0;0;0;1;2
2;l;2000;1;1;1;1;2
2;l;2001;0;1;1;1;2
2;l;2002;0;1;1;1;2
2;l;2003;0;1;1;1;2
2;l;2004;0;1;1;1;2
2;l;2005;0;1;1;1;2
2;l;2006;0;1;1;1;2
2;l;2007;0;1;1;1;2
2;l;2008;1;1;1;1;2
2;m;2000;1;1;1;1;2
2;m;2001;NA;1;1;NA;NA
2;m;2002;NA;1;1;NA;NA
2;m;2003;NA;1;1;NA;NA
2;m;2004;NA;1;1;NA;NA
2;m;2005;NA;1;1;NA;NA
2;m;2006;NA;1;1;NA;NA
2;m;2007;NA;1;1;NA;NA
2;m;2008;1;1;1;1;2
2;n;2000;1;1;1;1;2
2;n;2001;NA;1;1;NA;NA
2;n;2002;0;1;1;1;2
2;n;2003;1;1;1;1;2
2;n;2004;NA;1;1;NA;NA
2;n;2005;0;1;1;1;2
2;n;2006;1;1;1;1;2
2;n;2007;NA;1;1;NA;NA
2;n;2008;1;1;1;1;2
2;o;2000;NA;NA;NA;NA;NA
2;o;2001;NA;NA;NA;NA;NA
2;o;2002;1;1;1;1;2
2;o;2003;0;1;1;1;2
2;o;2004;1;1;1;1;2
2;o;2005;NA;0;0;1;2
2;o;2006;NA;NA;NA;NA;NA
2;o;2007;NA;NA;NA;NA;NA
2;o;2008;NA;NA;NA;NA;NA
2;p;2000;1;1;1;1;2
2;p;2001;NA;1;1;1;2
2;p;2002;0;1;1;1;2
2;p;2003;NA;1;1;1;2
2;p;2004;NA;1;1;1;2
2;p;2005;1;1;1;1;2
2;p;2006;NA;0;0;NA;NA
2;p;2007;NA;NA;NA;NA;NA
2;p;2008;0;NA;NA;NA;NA
2;q;2000;1;1;1;1;2
2;q;2001;1;1;1;1;2
2;q;2002;1;1;1;1;2
2;q;2003;1;1;1;1;2
2;q;2004;1;1;1;1;2
2;q;2005;1;1;1;1;2
2;q;2006;1;1;1;1;2
2;q;2007;NA;0;NA;1;2
2;q;2008;NA;NA;NA;1;2
2;r;2000;1;1;1;1;2
2;r;2001;1;1;1;1;2
2;r;2002;NA;1;1;NA;NA
2;r;2003;1;1;1;1;2
2;r;2004;1;1;1;1;2
2;r;2005;1;1;1;1;2
2;r;2006;1;1;1;1;2
2;r;2007;1;1;1;1;2
2;r;2008;NA;NA;NA;NA;NA
